Player,Player ID
nAts,457
Sayf,312
soulcas,101
Jamppi,9780
Redgar,1427
SUYGETSU,2858
cNed,573
Zyppan,11
Shao,384
ANGE1,109
Zest,772
stax,485
Rb,488
MaKo,4462
BuZz,804
aspas,8480
cauanzin,6193
saadhak,727
Less,8447
tuyz,2408
MOJJ,3604
MrFaliN,8044
qRaxs,1139
AtaKaptan,6510
qw1,10125
Sayaplayer,4545
Munchkin,2489
xeta,474
ban,5129
Carpe,31207
jawgemo,3993
Ethan,11225
Demon1,26171
C0M,619
Boostio,604
AAAAY,19530
Lysoar,37489
Yuicaw,11218
nizhaoTZH,4880
BerLIN,7857
Victor,261
s0m,4164
ardiis,98
FiNESSE,817
crashies,4
Biank,3021
whzy,4885
rin,3024
Yosemite,6022
Knight,4774
Alfajer,9810
Derke,5022
Leo,1380
Chronicle,458
Boaster,438
TENNN,1395
SugarZ3ro,6668
Laz,999
Dep,424
crow,1000
mindfreak,9800
f0rsakeN,9801
something,17086
Jinggg,7378
d4v41,9803
keznit,2462
DaveeyS,2764
Melser,1311
Klaus,2610
NagZ,1294
nobody,3017
ZmjjKK,3520
CHICHOO,15559
Haodong,4720
Smoggy,4742
Fit1nho,292
rhyme,10
hoody,2690
nukkye,3070
Cloud,4181
frz,651
murizzz,783
jzz,13093
RgLMeister,5351
TxoziN,941
Khalil,1711
mwzera,939
kon4n,1671
mazin,8872
dgzin,8873
zekken,4004
Sacy,659
TenZ,9
Marved,263
pANcada,683
Cryocells,4147
stellar,733
bang,3880
Asuna,601
Derrek,1533
Xeppaa,7871
runi,16003
leaf,7873
jakee,8742
Zellsis,729
kiNgg,8549
nzr,725
Shyy,24007
Mazino,7603
Tacolilla,3828
AvovA,1507
keloqz,3582
benjyfishy,29873
Mixwell,93
Boo,1144
starxo,565
trexx,2168
koldamenta,339
Wolfen,9558
sheydos,1428
AsLanM4shadoW,1481
QutionerX,10161
Turko,568
Brave,8041
SouhcNi,556
Nivera,14669
sh1n,2625
xms,4603
ScreaM,92
ZE1SH,302
JitBoyS,13788
foxz,6723
garnetS,18035
Crws,3977
Patiphan,2452
Anthem,6700
Suggest,4559
Reita,1003
takej,1002
xnfri,7718
Seoldam,10584
EJAY,7403
xffero,4871
Emman,9747
fl1pzjder,7045
Lmemore,7764
t3xture,9196
Monyet,8497
Bazzi,805
AYRIN,824
SkRossi,4095
2ge,9735
Meteor,13039
TS,983
k1Ng,771
GodDead,4827
Sylvan,4056
invy,8504
DubsteP,2679
BORKUM,2333
JessieVash,2334
Jremy,7405
pl1xx,871
Zoomer,24236
Maple,5241
nos,36512
R1ckLeexD,4410
FengF,4770
Flex1n,4705
ICEKING,4771
heybay,4712
YOU,4710
Revival,21670
Aowha,13229
XXXTACO,14435
Neal X,5255
Star1og,4311
LilCrazy,14442
Guran,36513
RedLight,13000
gagaaaa,36515
yyy,36514
coldfish,3020
Babyblue,15302
diseased,7106
XJian,36596
d3ffo,252
Zcc,18054
signed,1175
Sorrys,36421
SWERL,1209
Xiaonuo,17089
sphiry,29835
XuAN,37928
Strawberrycc,36420
Ace,1924
Lumo,25258
cxyy,5013
XiaoFei,4711
barricade,14458
happywei,37927
9st,30520
kawaii,4778
Artill,30524
Lyy,4764
Miracle,3016
Muhemai,30523
OBONE,36670
wqc,4403
o0o0o,4402
PangH,4727
JL,3514
LuoK1ng,3045
SORRYMYBAD,3124
Abo,5011
maizi,3517
Ninebody,3547
Chaos,14440
balua,8667
LINK,4416
Cyah,3027
FFs,14439
Eren,14444
Spring,14125
B3ar,25329
Scales,39485
Septem7,3031
Hao,37026
Libra,36465
Lucifer,27492
ANDY,10089
abc321,37025
Zeno,11705
Ichiro,3943
TvirusLuke,7841
Nicc,11524
PAULTATO,10496
MarT1n,36668
Yueluo,39494
Spitfires,4881
Viva,36415
YiHao,4320
DanGe,39522
YAX1N,39092
AC,14445
aluba,14441
suyjing,4404
monk,14431
hfmi0dzjc9z7,7135
Life,3028
bunt,25949
Zero1,3025
Pinklove,15549
Foxy9,11600
YHchen,10486
cgrs,24679
dephh,882
Quick,1575
heat,8673
BcJ,864
axeddy,2021
kamyk,1475
zeek,562
BONECOLD,3672
Destrian,1615
MOLSI,1281
Twisten,1137
ceNder,4321
Newzera,2622
Muj,8551
Harmii,24803
weber,2038
iNTRO,482
WRONSKI,6654
Benkai,9802
Sushiboys,3342
eKo,1960
Lightningfast,3626
lenne,8137
YuChEn,4723
vanity,7870
yay,881
Secret,4054
xand,681
