Player,Player ID
t3xture,9196
Meteor,13039
Lakia,773
Karon,34974
Munchkin,2489
Sacy,659
TenZ,9
Zellsis,729
johnqt,1265
zekken,4004
AAAAY,19530
Autumn,872
BerLIN,7857
Lysoar,37489
Life,3028
RieNs,10971
Wo0t,21328
benjyfishy,29873
Boo,1144
MiniBoo,18350
MaKo,4462
Flashback,35013
Foxy9,11600
BuZz,804
BeYN,4678
Melser,1311
keznit,2462
Shyy,24007
heat,8673
mta,36169
Chronicle,458
Derke,5022
Boaster,438
Alfajer,9810
hiro,29867
whzy,4885
nephh,10698
Knight,4774
Flex1n,4705
Yosemite,6022
kiNgg,8549
aspas,8480
C0M,619
Mazino,7603
tex,1818
ban,5129
primmie,25255
Governor,3980
JitBoyS,13788
Crws,3977
trexx,2168
runneR,21610
ceNder,4321
Sayf,312
Kicks,11134
LuoK1ng,3045
Kai,37494
Biank,3021
FengF,4770
heybay,4712
leaf,7873
valyn,3885
JonahP,4581
icy,8402
trent,15500
Jinggg,7378
mindfreak,9800
f0rsakeN,9801
something,17086
d4v41,9803
CHICHOO,15559
Smoggy,4742
nobody,3017
ZmjjKK,3520
S1Mon,13768
yetujey,8369
qRaxs,1139
MrFaliN,8044
AtaKaptan,6510
cNed,573
mazin,8872
artzin,5957
ShahZaM,46
liazzi,2567
Pa1nt,23407
Ethan,11225
s0m,4164
Victor,261
FiNESSE,817
crashies,4
nzr,725
Khalil,1711
havoc,8706
mwzera,939
xand,681
eeiu,796
Cryocells,4147
Asuna,601
bang,3880
Boostio,604
Less,8447
saadhak,727
cauanzin,6193
tuyz,2408
pANcada,683
supamen,826
jawgemo,3993
NaturE,4927
Derrek,1533
Apoth,5188
runi,16003
Xeppaa,7871
OXY,18796
moose,7458
vanity,7870
Klaus,2610
rich,11105
Palla,15681
Abo,5011
AC,14445
kawaii,4778
Rb,488
LockM,25339
stew,16924
jkuro,3519
YHchen,10486
Z1yan,41029
Viva,36415
monk,14431
Spitfires,4881
deLb,10821
sword9,3049
bunt,25949
Ninebody,3547
coldfish,3020
AAK,4773
hfmi0dzjc9z7,7135
Scales,39485
Spring,14125
Yuicaw,11218
pl1xx,871
aluba,14441
SiuFatBB,7849
TvirusLuke,7841
nizhaoTZH,4880
Nicc,11524
vo0kashu,3741
Shion7,41774
SWERL,1209
o0o0o,4402
CB,39697
GuanG,41054
Ezeir,46460
Haodong,4720
Eren,14444
B1ack,30526
SugarZ3ro,6668
yuran,29840
Dep,424
hiroronn,10588
Laz,999
invy,8504
2ge,9735
Jremy,7405
Wild0reoo,9740
JessieVash,2334
Zest,772
crazyguy,1430
sScary,4382
Retla,2361
Deryeon,9152
stax,485
Sayaplayer,4545
iZu,29833
Rossy,1129
xccurate,10816
Surf,23062
xffero,4871
Jemkin,24895
Estrella,25025
Lmemore,7764
Monyet,8497
Meiy,6672
Medusa,993
Anthem,6700
SSeeS,21438
neth,1970
blaZek1ng,1743
Polvi,1839
Russ,1162
Benkai,9802
Lightningfast,3626
Carpe,31207
kamo,14681
grubinho,5550
sheydos,1428
ShadoW,451
starxo,565
QutionerX,10161
pAura,569
reazy,10146
Brave,8041
Elite,16459
SUYGETSU,2858
Shao,384
ANGE1,109
Zyppan,11
ardiis,98
purp0,1885
Cloud,4181
hoody,2690
Fit1nho,292
Redgar,1427
K4DAVRA,20871
nataNk,5004
TakaS,301
beyAz,220
Wailers,19522
nAts,457
Enzo,114
Jamppi,9780
Mistic,1457
Keiko,11494
N4RRATE,36245
tomaszy,19691
MAGNUM,2173
marteen,10307
sh1n,2625
Famsii,16209
paTiTek,309
Leo,1380
B3ar,25329
ICEKING,4771
MarT1n,36668
YiHao,4320
OBONE,36670
YOU,4710
Levius,40845
PangH,4727
Marved,263
Demon1,26171
Quick,1575
kon4n,1671
jzz,13093
frz,651
RgLMeister,5351
logaN,868
NDG,12322
BORKUM,2333
yay,881
fl1pzjder,7045
lenne,8137
wippie,4373
jakee,8742
neT,6582
QiuYe,19531
Dingwei,42513
nukkye,3070
Destrian,1615
Egoist,2362
